{"cameraMode":{"drawMode":0,"name":"Shaded","section":"Shading Mode"},"sceneLighting":false,"audioPlay":false,"sceneViewState":{"m_AlwaysRefresh":false,"showFog":true,"showSkybox":false,"showFlares":true,"showImageEffects":true,"showParticleSystems":true,"showVisualEffectGraphs":true,"m_FxEnabled":true},"in2DMode":false,"pivot":{"x":23.739999771118165,"y":0.7338156700134277,"z":-0.030715107917785646},"rotation":{"x":-0.1606786549091339,"y":-0.02393360435962677,"z":0.004044013563543558,"w":-0.9868244528770447},"size":2.2022197246551515,"orthographic":false}