{"cameraMode":{"drawMode":0,"name":"Shaded","section":"Shading Mode"},"sceneLighting":false,"audioPlay":false,"sceneViewState":{"m_AlwaysRefresh":false,"showFog":true,"showSkybox":false,"showFlares":true,"showImageEffects":true,"showParticleSystems":true,"showVisualEffectGraphs":true,"m_FxEnabled":true},"in2DMode":false,"pivot":{"x":-0.8460264205932617,"y":1.5256595611572266,"z":-0.0015192031860351563},"rotation":{"x":0.05937926098704338,"y":-0.01649731956422329,"z":0.0009268262656405568,"w":0.9982820153236389},"size":11.897786140441895,"orthographic":false}